{
  "0": {
    "imu": 0,
    "reference": false,
    "accelerometer": {
      "scale_factor": 0.004788647287708858,
      "bias": {
        "x": 0.8585296176416444,
        "y": 0.8590534820567113,
        "z": -1.8537728928715742
      },
      "sensitivity": {
        "x": 0.9967503887333969,
        "y": 0.9972598102058837,
        "z": 0.9892292526225731
      },
      "min": {
        "x": -8.980443219341218,
        "y": -8.974893398822154,
        "z": -11.767551699958396
      },
      "max": {
        "x": 10.697502454624507,
        "y": 10.693000362935576,
        "z": 8.060005914215248
      }
    },
    "gyroscope": {
      "scale_factor": 0.008199999999999999,
      "bias": {
        "x": -8.74668324961402,
        "y": -4.595539478548285,
        "z": -2.544493148063583
      },
      "sensitivity": {
        "x": 1,
        "y": 1,
        "z": 1
      },
      "min": {
        "x": 0,
        "y": 0,
        "z": 0
      },
      "max": {
        "x": 0,
        "y": 0,
        "z": 0
      }
    },
    "magnetometer": {}
  },
  "1": {
    "imu": 1,
    "reference": false,
    "accelerometer": {
      "scale_factor": 0.004788647287708858,
      "bias": {
        "x": 1.985805780373199,
        "y": 3.2873812747710884,
        "z": -2.5036549740345007
      },
      "sensitivity": {
        "x": 1.0037088984347478,
        "y": 0.9968377127157065,
        "z": 0.996714696746278
      },
      "min": {
        "x": -7.784955458561422,
        "y": -6.550729658334138,
        "z": -12.342980141020027
      },
      "max": {
        "x": 11.75656701930782,
        "y": 13.125492207876315,
        "z": 7.335670192951025
      }
    },
    "gyroscope": {
      "scale_factor": 0.008199999999999999,
      "bias": {
        "x": -12.19197333159371,
        "y": -2.3430921825733355,
        "z": -0.3136240111335812
      },
      "sensitivity": {
        "x": 1,
        "y": 1,
        "z": 1
      },
      "min": {
        "x": 0,
        "y": 0,
        "z": 0
      },
      "max": {
        "x": 0,
        "y": 0,
        "z": 0
      }
    },
    "magnetometer": {}
  },
  "2": {
    "imu": 2,
    "reference": false,
    "accelerometer": {
      "scale_factor": 0.004788647287708858,
      "bias": {
        "x": -16.65569223179019,
        "y": 1.717395189616993,
        "z": -2.7198405148963087
      },
      "sensitivity": {
        "x": 1.0015737340153499,
        "y": 0.9961492610189469,
        "z": 0.9965299473941412
      },
      "min": {
        "x": -26.44728287253447,
        "y": -8.127514989775761,
        "z": -12.560989820689521
      },
      "max": {
        "x": -6.864101591045909,
        "y": 11.562305369009747,
        "z": 7.1213087908969035
      }
    },
    "gyroscope": {
      "scale_factor": 0.008199999999999999,
      "bias": {
        "x": -1.373789844956183,
        "y": -1.804229843216561,
        "z": -0.6853512818840106
      },
      "sensitivity": {
        "x": 1,
        "y": 1,
        "z": 1
      },
      "min": {
        "x": 0,
        "y": 0,
        "z": 0
      },
      "max": {
        "x": 0,
        "y": 0,
        "z": 0
      }
    },
    "magnetometer": {}
  }
}