{
  "0": {
    "imu": 0,
    "reference": false,
    "accelerometer": {
      "scale_factor": 0.004788647287708858,
      "bias": {
        "x": 0.0,
        "y": 0.0,
        "z": 0.0
      },
      "sensitivity": {
        "x": 1.0,
        "y": 1.0,
        "z": 1.0
      },
      "min": {
        "x": -8.97617622291878,
        "y": -8.972470872963848,
        "z": -11.773928797334756
      },
      "max": {
        "x": 10.698661839694513,
        "y": 10.684246732998531,
        "z": 8.050593263412788
      }
    },
    "gyroscope": {
      "scale_factor": 0.008199999999999999,
      "bias": {
        "x": 0.0,
        "y": 0.0,
        "z": 0.0
      },
      "sensitivity": {
        "x": 1,
        "y": 1,
        "z": 1
      },
      "min": {
        "x": 0,
        "y": 0,
        "z": 0
      },
      "max": {
        "x": 0,
        "y": 0,
        "z": 0
      }
    },
    "magnetometer": {}
  },
  "1": {
    "imu": 1,
    "reference": false,
    "accelerometer": {
      "scale_factor": 0.004788647287708858,
      "bias": {
        "x": 0.0,
        "y": 0.0,
        "z": 0.0
      },
      "sensitivity": {
        "x": 1.0,
        "y": 1.0,
        "z": 1.0
      },
      "min": {
        "x": -7.87794972580509,
        "y": -6.480735390998344,
        "z": -12.367625923851776
      },
      "max": {
        "x": 11.784326953128838,
        "y": 13.081431710786562,
        "z": 7.324992328781058
      }
    },
    "gyroscope": {
      "scale_factor": 0.008199999999999999,
      "bias": {
        "x": 0.0,
        "y": 0.0,
        "z": 0.0
      },
      "sensitivity": {
        "x": 1,
        "y": 1,
        "z": 1
      },
      "min": {
        "x": 0,
        "y": 0,
        "z": 0
      },
      "max": {
        "x": 0,
        "y": 0,
        "z": 0
      }
    },
    "magnetometer": {}
  },
  "2": {
    "imu": 2,
    "reference": false,
    "accelerometer": {
      "scale_factor": 0.004788647287708858,
      "bias": {
        "x": 0.0,
        "y": 0.0,
        "z": 0.0
      },
      "sensitivity": {
        "x": 1.0,
        "y": 1.0,
        "z": 1.0
      },
      "min": {
        "x": -26.5029451909909,
        "y": -8.080546528617399,
        "z": -12.680904063759359
      },
      "max": {
        "x": -6.813967652908114,
        "y": 11.614119374220321,
        "z": 7.079714753750317
      }
    },
    "gyroscope": {
      "scale_factor": 0.008199999999999999,
      "bias": {
        "x": -1.2732925857582207,
        "y": -2.0686305086349654,
        "z": -0.7585029098651525
      },
      "sensitivity": {
        "x": 1,
        "y": 1,
        "z": 1
      },
      "min": {
        "x": 0,
        "y": 0,
        "z": 0
      },
      "max": {
        "x": 0,
        "y": 0,
        "z": 0
      }
    },
    "magnetometer": {}
  }
}